,state_id,state_name,district_id,district_name
0,1,Andaman and Nicobar Islands,3,Nicobar
1,1,Andaman and Nicobar Islands,1,North and Middle Andaman
2,1,Andaman and Nicobar Islands,2,South Andaman
3,2,Andhra Pradesh,9,Anantapur
4,2,Andhra Pradesh,10,Chittoor
5,2,Andhra Pradesh,11,East Godavari
6,2,Andhra Pradesh,5,Guntur
7,2,Andhra Pradesh,4,Krishna
8,2,Andhra Pradesh,7,Kurnool
9,2,Andhra Pradesh,12,Prakasam
10,2,Andhra Pradesh,13,Sri Potti Sriramulu Nellore
11,2,Andhra Pradesh,14,Srikakulam
12,2,Andhra Pradesh,8,Visakhapatnam
13,2,Andhra Pradesh,15,Vizianagaram
14,2,Andhra Pradesh,16,West Godavari
15,2,Andhra Pradesh,6,"YSR District, Kadapa (Cuddapah)"
16,3,Arunachal Pradesh,22,Anjaw
17,3,Arunachal Pradesh,20,Changlang
18,3,Arunachal Pradesh,25,Dibang Valley
19,3,Arunachal Pradesh,23,East Kameng
20,3,Arunachal Pradesh,42,East Siang
21,3,Arunachal Pradesh,17,Itanagar Capital Complex
22,3,Arunachal Pradesh,24,Kamle
23,3,Arunachal Pradesh,27,Kra Daadi
24,3,Arunachal Pradesh,21,Kurung Kumey
25,3,Arunachal Pradesh,33,Lepa Rada
26,3,Arunachal Pradesh,29,Lohit
27,3,Arunachal Pradesh,40,Longding
28,3,Arunachal Pradesh,31,Lower Dibang Valley
29,3,Arunachal Pradesh,18,Lower Siang
30,3,Arunachal Pradesh,32,Lower Subansiri
31,3,Arunachal Pradesh,36,Namsai
32,3,Arunachal Pradesh,19,Pakke Kessang
33,3,Arunachal Pradesh,39,Papum Pare
34,3,Arunachal Pradesh,35,Shi Yomi
35,3,Arunachal Pradesh,37,Siang
36,3,Arunachal Pradesh,30,Tawang
37,3,Arunachal Pradesh,26,Tirap
38,3,Arunachal Pradesh,34,Upper Siang
39,3,Arunachal Pradesh,41,Upper Subansiri
40,3,Arunachal Pradesh,28,West Kameng
41,3,Arunachal Pradesh,38,West Siang
42,4,Assam,46,Baksa
43,4,Assam,47,Barpeta
44,4,Assam,765,Biswanath
45,4,Assam,57,Bongaigaon
46,4,Assam,66,Cachar
47,4,Assam,766,Charaideo
48,4,Assam,58,Chirang
49,4,Assam,48,Darrang
50,4,Assam,62,Dhemaji
51,4,Assam,59,Dhubri
52,4,Assam,43,Dibrugarh
53,4,Assam,67,Dima Hasao
54,4,Assam,60,Goalpara
55,4,Assam,53,Golaghat
56,4,Assam,68,Hailakandi
57,4,Assam,764,Hojai
58,4,Assam,54,Jorhat
59,4,Assam,49,Kamrup Metropolitan
60,4,Assam,50,Kamrup Rural
61,4,Assam,51,Karbi-Anglong
62,4,Assam,69,Karimganj
63,4,Assam,61,Kokrajhar
64,4,Assam,63,Lakhimpur
65,4,Assam,767,Majuli
66,4,Assam,55,Morigaon
67,4,Assam,56,Nagaon
68,4,Assam,52,Nalbari
69,4,Assam,44,Sivasagar
70,4,Assam,64,Sonitpur
71,4,Assam,768,South Salmara Mankachar
72,4,Assam,45,Tinsukia
73,4,Assam,65,Udalguri
74,4,Assam,769,West Karbi Anglong
75,5,Bihar,74,Araria
76,5,Bihar,78,Arwal
77,5,Bihar,77,Aurangabad
78,5,Bihar,83,Banka
79,5,Bihar,98,Begusarai
80,5,Bihar,82,Bhagalpur
81,5,Bihar,99,Bhojpur
82,5,Bihar,100,Buxar
83,5,Bihar,94,Darbhanga
84,5,Bihar,105,East Champaran
85,5,Bihar,79,Gaya
86,5,Bihar,104,Gopalganj
87,5,Bihar,107,Jamui
88,5,Bihar,91,Jehanabad
89,5,Bihar,80,Kaimur
90,5,Bihar,75,Katihar
91,5,Bihar,101,Khagaria
92,5,Bihar,76,Kishanganj
93,5,Bihar,84,Lakhisarai
94,5,Bihar,70,Madhepura
95,5,Bihar,95,Madhubani
96,5,Bihar,85,Munger
97,5,Bihar,86,Muzaffarpur
98,5,Bihar,90,Nalanda
99,5,Bihar,92,Nawada
100,5,Bihar,97,Patna
101,5,Bihar,73,Purnia
102,5,Bihar,81,Rohtas
103,5,Bihar,71,Saharsa
104,5,Bihar,96,Samastipur
105,5,Bihar,102,Saran
106,5,Bihar,93,Sheikhpura
107,5,Bihar,87,Sheohar
108,5,Bihar,88,Sitamarhi
109,5,Bihar,103,Siwan
110,5,Bihar,72,Supaul
111,5,Bihar,89,Vaishali
112,5,Bihar,106,West Champaran
113,6,Chandigarh,108,Chandigarh
114,7,Chhattisgarh,110,Balod
115,7,Chhattisgarh,111,Baloda bazar
116,7,Chhattisgarh,112,Balrampur
117,7,Chhattisgarh,113,Bastar
118,7,Chhattisgarh,114,Bemetara
119,7,Chhattisgarh,115,Bijapur
120,7,Chhattisgarh,116,Bilaspur
121,7,Chhattisgarh,117,Dantewada
122,7,Chhattisgarh,118,Dhamtari
123,7,Chhattisgarh,119,Durg
124,7,Chhattisgarh,120,Gariaband
125,7,Chhattisgarh,136,Gaurela Pendra Marwahi
126,7,Chhattisgarh,121,Janjgir-Champa
127,7,Chhattisgarh,122,Jashpur
128,7,Chhattisgarh,123,Kanker
129,7,Chhattisgarh,135,Kawardha
130,7,Chhattisgarh,124,Kondagaon
131,7,Chhattisgarh,125,Korba
132,7,Chhattisgarh,126,Koriya
133,7,Chhattisgarh,127,Mahasamund
134,7,Chhattisgarh,128,Mungeli
135,7,Chhattisgarh,129,Narayanpur
136,7,Chhattisgarh,130,Raigarh
137,7,Chhattisgarh,109,Raipur
138,7,Chhattisgarh,131,Rajnandgaon
139,7,Chhattisgarh,132,Sukma
140,7,Chhattisgarh,133,Surajpur
141,7,Chhattisgarh,134,Surguja
142,8,Dadra and Nagar Haveli,137,Dadra and Nagar Haveli
143,37,Daman and Diu,138,Daman
144,37,Daman and Diu,139,Diu
145,9,Delhi,141,Central Delhi
146,9,Delhi,145,East Delhi
147,9,Delhi,140,New Delhi
148,9,Delhi,146,North Delhi
149,9,Delhi,147,North East Delhi
150,9,Delhi,143,North West Delhi
151,9,Delhi,148,Shahdara
152,9,Delhi,149,South Delhi
153,9,Delhi,144,South East Delhi
154,9,Delhi,150,South West Delhi
155,9,Delhi,142,West Delhi
156,10,Goa,151,North Goa
157,10,Goa,152,South Goa
158,11,Gujarat,154,Ahmedabad
159,11,Gujarat,770,Ahmedabad Corporation
160,11,Gujarat,174,Amreli
161,11,Gujarat,179,Anand
162,11,Gujarat,158,Aravalli
163,11,Gujarat,159,Banaskantha
164,11,Gujarat,180,Bharuch
165,11,Gujarat,175,Bhavnagar
166,11,Gujarat,771,Bhavnagar Corporation
167,11,Gujarat,176,Botad
168,11,Gujarat,181,Chhotaudepur
169,11,Gujarat,182,Dahod
170,11,Gujarat,163,Dang
171,11,Gujarat,168,Devbhumi Dwaraka
172,11,Gujarat,153,Gandhinagar
173,11,Gujarat,772,Gandhinagar Corporation
174,11,Gujarat,177,Gir Somnath
175,11,Gujarat,169,Jamnagar
176,11,Gujarat,773,Jamnagar Corporation
177,11,Gujarat,178,Junagadh
178,11,Gujarat,774,Junagadh Corporation
179,11,Gujarat,156,Kheda
180,11,Gujarat,170,Kutch
181,11,Gujarat,183,Mahisagar
182,11,Gujarat,160,Mehsana
183,11,Gujarat,171,Morbi
184,11,Gujarat,184,Narmada
185,11,Gujarat,164,Navsari
186,11,Gujarat,185,Panchmahal
187,11,Gujarat,161,Patan
188,11,Gujarat,172,Porbandar
189,11,Gujarat,173,Rajkot
190,11,Gujarat,775,Rajkot Corporation
191,11,Gujarat,162,Sabarkantha
192,11,Gujarat,165,Surat
193,11,Gujarat,776,Surat Corporation
194,11,Gujarat,157,Surendranagar
195,11,Gujarat,166,Tapi
196,11,Gujarat,155,Vadodara
197,11,Gujarat,777,Vadodara Corporation
198,11,Gujarat,167,Valsad
199,12,Haryana,193,Ambala
200,12,Haryana,200,Bhiwani
201,12,Haryana,201,Charkhi Dadri
202,12,Haryana,199,Faridabad
203,12,Haryana,196,Fatehabad
204,12,Haryana,188,Gurgaon
205,12,Haryana,191,Hisar
206,12,Haryana,189,Jhajjar
207,12,Haryana,204,Jind
208,12,Haryana,190,Kaithal
209,12,Haryana,203,Karnal
210,12,Haryana,186,Kurukshetra
211,12,Haryana,206,Mahendragarh
212,12,Haryana,205,Nuh
213,12,Haryana,207,Palwal
214,12,Haryana,187,Panchkula
215,12,Haryana,195,Panipat
216,12,Haryana,202,Rewari
217,12,Haryana,192,Rohtak
218,12,Haryana,194,Sirsa
219,12,Haryana,198,Sonipat
220,12,Haryana,197,Yamunanagar
221,13,Himachal Pradesh,219,Bilaspur
222,13,Himachal Pradesh,214,Chamba
223,13,Himachal Pradesh,217,Hamirpur
224,13,Himachal Pradesh,213,Kangra
225,13,Himachal Pradesh,216,Kinnaur
226,13,Himachal Pradesh,211,Kullu
227,13,Himachal Pradesh,210,Lahaul Spiti
228,13,Himachal Pradesh,215,Mandi
229,13,Himachal Pradesh,208,Shimla
230,13,Himachal Pradesh,212,Sirmaur
231,13,Himachal Pradesh,209,Solan
232,13,Himachal Pradesh,218,Una
233,14,Jammu and Kashmir,224,Anantnag
234,14,Jammu and Kashmir,223,Bandipore
235,14,Jammu and Kashmir,225,Baramulla
236,14,Jammu and Kashmir,229,Budgam
237,14,Jammu and Kashmir,232,Doda
238,14,Jammu and Kashmir,228,Ganderbal
239,14,Jammu and Kashmir,230,Jammu
240,14,Jammu and Kashmir,234,Kathua
241,14,Jammu and Kashmir,231,Kishtwar
242,14,Jammu and Kashmir,221,Kulgam
243,14,Jammu and Kashmir,226,Kupwara
244,14,Jammu and Kashmir,238,Poonch
245,14,Jammu and Kashmir,227,Pulwama
246,14,Jammu and Kashmir,237,Rajouri
247,14,Jammu and Kashmir,235,Ramban
248,14,Jammu and Kashmir,239,Reasi
249,14,Jammu and Kashmir,236,Samba
250,14,Jammu and Kashmir,222,Shopian
251,14,Jammu and Kashmir,220,Srinagar
252,14,Jammu and Kashmir,233,Udhampur
253,15,Jharkhand,242,Bokaro
254,15,Jharkhand,245,Chatra
255,15,Jharkhand,253,Deoghar
256,15,Jharkhand,257,Dhanbad
257,15,Jharkhand,258,Dumka
258,15,Jharkhand,247,East Singhbhum
259,15,Jharkhand,243,Garhwa
260,15,Jharkhand,256,Giridih
261,15,Jharkhand,262,Godda
262,15,Jharkhand,251,Gumla
263,15,Jharkhand,255,Hazaribagh
264,15,Jharkhand,259,Jamtara
265,15,Jharkhand,252,Khunti
266,15,Jharkhand,241,Koderma
267,15,Jharkhand,244,Latehar
268,15,Jharkhand,250,Lohardaga
269,15,Jharkhand,261,Pakur
270,15,Jharkhand,246,Palamu
271,15,Jharkhand,254,Ramgarh
272,15,Jharkhand,240,Ranchi
273,15,Jharkhand,260,Sahebganj
274,15,Jharkhand,248,Seraikela Kharsawan
275,15,Jharkhand,249,Simdega
276,15,Jharkhand,263,West Singhbhum
277,16,Karnataka,270,Bagalkot
278,16,Karnataka,276,Bangalore Rural
279,16,Karnataka,265,Bangalore Urban
280,16,Karnataka,294,BBMP
281,16,Karnataka,264,Belgaum
282,16,Karnataka,274,Bellary
283,16,Karnataka,272,Bidar
284,16,Karnataka,271,Chamarajanagar
285,16,Karnataka,273,Chikamagalur
286,16,Karnataka,291,Chikkaballapur
287,16,Karnataka,268,Chitradurga
288,16,Karnataka,269,Dakshina Kannada
289,16,Karnataka,275,Davanagere
290,16,Karnataka,278,Dharwad
291,16,Karnataka,280,Gadag
292,16,Karnataka,267,Gulbarga
293,16,Karnataka,289,Hassan
294,16,Karnataka,279,Haveri
295,16,Karnataka,283,Kodagu
296,16,Karnataka,277,Kolar
297,16,Karnataka,282,Koppal
298,16,Karnataka,290,Mandya
299,16,Karnataka,266,Mysore
300,16,Karnataka,284,Raichur
301,16,Karnataka,292,Ramanagara
302,16,Karnataka,287,Shimoga
303,16,Karnataka,288,Tumkur
304,16,Karnataka,286,Udupi
305,16,Karnataka,281,Uttar Kannada
306,16,Karnataka,293,Vijayapura
307,16,Karnataka,285,Yadgir
308,17,Kerala,301,Alappuzha
309,17,Kerala,307,Ernakulam
310,17,Kerala,306,Idukki
311,17,Kerala,297,Kannur
312,17,Kerala,295,Kasaragod
313,17,Kerala,298,Kollam
314,17,Kerala,304,Kottayam
315,17,Kerala,305,Kozhikode
316,17,Kerala,302,Malappuram
317,17,Kerala,308,Palakkad
318,17,Kerala,300,Pathanamthitta
319,17,Kerala,296,Thiruvananthapuram
320,17,Kerala,303,Thrissur
321,17,Kerala,299,Wayanad
322,18,Ladakh,309,Kargil
323,18,Ladakh,310,Leh
324,19,Lakshadweep,796,Agatti Island
325,19,Lakshadweep,311,Lakshadweep
326,20,Madhya Pradesh,320,Agar
327,20,Madhya Pradesh,357,Alirajpur
328,20,Madhya Pradesh,334,Anuppur
329,20,Madhya Pradesh,354,Ashoknagar
330,20,Madhya Pradesh,338,Balaghat
331,20,Madhya Pradesh,343,Barwani
332,20,Madhya Pradesh,362,Betul
333,20,Madhya Pradesh,351,Bhind
334,20,Madhya Pradesh,312,Bhopal
335,20,Madhya Pradesh,342,Burhanpur
336,20,Madhya Pradesh,328,Chhatarpur
337,20,Madhya Pradesh,337,Chhindwara
338,20,Madhya Pradesh,327,Damoh
339,20,Madhya Pradesh,350,Datia
340,20,Madhya Pradesh,324,Dewas
341,20,Madhya Pradesh,341,Dhar
342,20,Madhya Pradesh,336,Dindori
343,20,Madhya Pradesh,348,Guna
344,20,Madhya Pradesh,313,Gwalior
345,20,Madhya Pradesh,361,Harda
346,20,Madhya Pradesh,360,Hoshangabad
347,20,Madhya Pradesh,314,Indore
348,20,Madhya Pradesh,315,Jabalpur
349,20,Madhya Pradesh,340,Jhabua
350,20,Madhya Pradesh,353,Katni
351,20,Madhya Pradesh,339,Khandwa
352,20,Madhya Pradesh,344,Khargone
353,20,Madhya Pradesh,335,Mandla
354,20,Madhya Pradesh,319,Mandsaur
355,20,Madhya Pradesh,347,Morena
356,20,Madhya Pradesh,352,Narsinghpur
357,20,Madhya Pradesh,323,Neemuch
358,20,Madhya Pradesh,326,Panna
359,20,Madhya Pradesh,359,Raisen
360,20,Madhya Pradesh,358,Rajgarh
361,20,Madhya Pradesh,322,Ratlam
362,20,Madhya Pradesh,316,Rewa
363,20,Madhya Pradesh,317,Sagar
364,20,Madhya Pradesh,333,Satna
365,20,Madhya Pradesh,356,Sehore
366,20,Madhya Pradesh,349,Seoni
367,20,Madhya Pradesh,332,Shahdol
368,20,Madhya Pradesh,321,Shajapur
369,20,Madhya Pradesh,346,Sheopur
370,20,Madhya Pradesh,345,Shivpuri
371,20,Madhya Pradesh,331,Sidhi
372,20,Madhya Pradesh,330,Singrauli
373,20,Madhya Pradesh,325,Tikamgarh
374,20,Madhya Pradesh,318,Ujjain
375,20,Madhya Pradesh,329,Umaria
376,20,Madhya Pradesh,355,Vidisha
377,21,Maharashtra,391,Ahmednagar
378,21,Maharashtra,364,Akola
379,21,Maharashtra,366,Amravati
380,21,Maharashtra,397,Aurangabad
381,21,Maharashtra,384,Beed
382,21,Maharashtra,370,Bhandara
383,21,Maharashtra,367,Buldhana
384,21,Maharashtra,380,Chandrapur
385,21,Maharashtra,388,Dhule
386,21,Maharashtra,379,Gadchiroli
387,21,Maharashtra,378,Gondia
388,21,Maharashtra,386,Hingoli
389,21,Maharashtra,390,Jalgaon
390,21,Maharashtra,396,Jalna
391,21,Maharashtra,371,Kolhapur
392,21,Maharashtra,383,Latur
393,21,Maharashtra,395,Mumbai
394,21,Maharashtra,365,Nagpur
395,21,Maharashtra,382,Nanded
396,21,Maharashtra,387,Nandurbar
397,21,Maharashtra,389,Nashik
398,21,Maharashtra,381,Osmanabad
399,21,Maharashtra,394,Palghar
400,21,Maharashtra,385,Parbhani
401,21,Maharashtra,363,Pune
402,21,Maharashtra,393,Raigad
403,21,Maharashtra,372,Ratnagiri
404,21,Maharashtra,373,Sangli
405,21,Maharashtra,376,Satara
406,21,Maharashtra,374,Sindhudurg
407,21,Maharashtra,375,Solapur
408,21,Maharashtra,392,Thane
409,21,Maharashtra,377,Wardha
410,21,Maharashtra,369,Washim
411,21,Maharashtra,368,Yavatmal
412,22,Manipur,398,Bishnupur
413,22,Manipur,399,Chandel
414,22,Manipur,400,Churachandpur
415,22,Manipur,401,Imphal East
416,22,Manipur,402,Imphal West
417,22,Manipur,410,Jiribam
418,22,Manipur,413,Kakching
419,22,Manipur,409,Kamjong
420,22,Manipur,408,Kangpokpi
421,22,Manipur,412,Noney
422,22,Manipur,411,Pherzawl
423,22,Manipur,403,Senapati
424,22,Manipur,404,Tamenglong
425,22,Manipur,407,Tengnoupal
426,22,Manipur,405,Thoubal
427,22,Manipur,406,Ukhrul
428,23,Meghalaya,424,East Garo Hills
429,23,Meghalaya,418,East Jaintia Hills
430,23,Meghalaya,414,East Khasi Hills
431,23,Meghalaya,423,North Garo Hills
432,23,Meghalaya,417,Ri-Bhoi
433,23,Meghalaya,421,South Garo Hills
434,23,Meghalaya,422,South West Garo Hills
435,23,Meghalaya,415,South West Khasi Hills
436,23,Meghalaya,420,West Garo Hills
437,23,Meghalaya,416,West Jaintia Hills
438,23,Meghalaya,419,West Khasi Hills
439,24,Mizoram,425,Aizawl East
440,24,Mizoram,426,Aizawl West
441,24,Mizoram,429,Champhai
442,24,Mizoram,428,Kolasib
443,24,Mizoram,432,Lawngtlai
444,24,Mizoram,431,Lunglei
445,24,Mizoram,427,Mamit
446,24,Mizoram,430,Serchhip
447,24,Mizoram,433,Siaha
448,25,Nagaland,434,Dimapur
449,25,Nagaland,444,Kiphire
450,25,Nagaland,441,Kohima
451,25,Nagaland,438,Longleng
452,25,Nagaland,437,Mokokchung
453,25,Nagaland,439,Mon
454,25,Nagaland,435,Peren
455,25,Nagaland,443,Phek
456,25,Nagaland,440,Tuensang
457,25,Nagaland,436,Wokha
458,25,Nagaland,442,Zunheboto
459,26,Odisha,445,Angul
460,26,Odisha,448,Balangir
461,26,Odisha,447,Balasore
462,26,Odisha,472,Bargarh
463,26,Odisha,454,Bhadrak
464,26,Odisha,468,Boudh
465,26,Odisha,457,Cuttack
466,26,Odisha,473,Deogarh
467,26,Odisha,458,Dhenkanal
468,26,Odisha,467,Gajapati
469,26,Odisha,449,Ganjam
470,26,Odisha,459,Jagatsinghpur
471,26,Odisha,460,Jajpur
472,26,Odisha,474,Jharsuguda
473,26,Odisha,464,Kalahandi
474,26,Odisha,450,Kandhamal
475,26,Odisha,461,Kendrapara
476,26,Odisha,455,Kendujhar
477,26,Odisha,446,Khurda
478,26,Odisha,451,Koraput
479,26,Odisha,469,Malkangiri
480,26,Odisha,456,Mayurbhanj
481,26,Odisha,470,Nabarangpur
482,26,Odisha,462,Nayagarh
483,26,Odisha,465,Nuapada
484,26,Odisha,463,Puri
485,26,Odisha,471,Rayagada
486,26,Odisha,452,Sambalpur
487,26,Odisha,466,Subarnapur
488,26,Odisha,453,Sundargarh
489,27,Puducherry,476,Karaikal
490,27,Puducherry,477,Mahe
491,27,Puducherry,475,Puducherry
492,27,Puducherry,478,Yanam
493,28,Punjab,485,Amritsar
494,28,Punjab,483,Barnala
495,28,Punjab,493,Bathinda
496,28,Punjab,499,Faridkot
497,28,Punjab,484,Fatehgarh Sahib
498,28,Punjab,487,Fazilka
499,28,Punjab,480,Ferozpur
500,28,Punjab,489,Gurdaspur
501,28,Punjab,481,Hoshiarpur
502,28,Punjab,492,Jalandhar
503,28,Punjab,479,Kapurthala
504,28,Punjab,488,Ludhiana
505,28,Punjab,482,Mansa
506,28,Punjab,491,Moga
507,28,Punjab,486,Pathankot
508,28,Punjab,494,Patiala
509,28,Punjab,497,Rup Nagar
510,28,Punjab,498,Sangrur
511,28,Punjab,496,SAS Nagar
512,28,Punjab,500,SBS Nagar
513,28,Punjab,490,Sri Muktsar Sahib
514,28,Punjab,495,Tarn Taran
515,29,Rajasthan,507,Ajmer
516,29,Rajasthan,512,Alwar
517,29,Rajasthan,519,Banswara
518,29,Rajasthan,516,Baran
519,29,Rajasthan,528,Barmer
520,29,Rajasthan,508,Bharatpur
521,29,Rajasthan,523,Bhilwara
522,29,Rajasthan,501,Bikaner
523,29,Rajasthan,514,Bundi
524,29,Rajasthan,521,Chittorgarh
525,29,Rajasthan,530,Churu
526,29,Rajasthan,511,Dausa
527,29,Rajasthan,524,Dholpur
528,29,Rajasthan,520,Dungarpur
529,29,Rajasthan,517,Hanumangarh
530,29,Rajasthan,505,Jaipur I
531,29,Rajasthan,506,Jaipur II
532,29,Rajasthan,527,Jaisalmer
533,29,Rajasthan,533,Jalore
534,29,Rajasthan,515,Jhalawar
535,29,Rajasthan,510,Jhunjhunu
536,29,Rajasthan,502,Jodhpur
537,29,Rajasthan,525,Karauli
538,29,Rajasthan,503,Kota
539,29,Rajasthan,532,Nagaur
540,29,Rajasthan,529,Pali
541,29,Rajasthan,522,Pratapgarh
542,29,Rajasthan,518,Rajsamand
543,29,Rajasthan,534,Sawai Madhopur
544,29,Rajasthan,513,Sikar
545,29,Rajasthan,531,Sirohi
546,29,Rajasthan,509,Sri Ganganagar
547,29,Rajasthan,526,Tonk
548,29,Rajasthan,504,Udaipur
549,30,Sikkim,535,East Sikkim
550,30,Sikkim,537,North Sikkim
551,30,Sikkim,538,South Sikkim
552,30,Sikkim,536,West Sikkim
553,31,Tamil Nadu,779,Aranthangi
554,31,Tamil Nadu,555,Ariyalur
555,31,Tamil Nadu,578,Attur
556,31,Tamil Nadu,565,Chengalpet
557,31,Tamil Nadu,571,Chennai
558,31,Tamil Nadu,778,Cheyyar
559,31,Tamil Nadu,539,Coimbatore
560,31,Tamil Nadu,547,Cuddalore
561,31,Tamil Nadu,566,Dharmapuri
562,31,Tamil Nadu,556,Dindigul
563,31,Tamil Nadu,563,Erode
564,31,Tamil Nadu,552,Kallakurichi
565,31,Tamil Nadu,557,Kanchipuram
566,31,Tamil Nadu,544,Kanyakumari
567,31,Tamil Nadu,559,Karur
568,31,Tamil Nadu,780,Kovilpatti
569,31,Tamil Nadu,562,Krishnagiri
570,31,Tamil Nadu,540,Madurai
571,31,Tamil Nadu,576,Nagapattinam
572,31,Tamil Nadu,558,Namakkal
573,31,Tamil Nadu,577,Nilgiris
574,31,Tamil Nadu,564,Palani
575,31,Tamil Nadu,573,Paramakudi
576,31,Tamil Nadu,570,Perambalur
577,31,Tamil Nadu,575,Poonamallee
578,31,Tamil Nadu,546,Pudukkottai
579,31,Tamil Nadu,567,Ramanathapuram
580,31,Tamil Nadu,781,Ranipet
581,31,Tamil Nadu,545,Salem
582,31,Tamil Nadu,561,Sivaganga
583,31,Tamil Nadu,580,Sivakasi
584,31,Tamil Nadu,551,Tenkasi
585,31,Tamil Nadu,541,Thanjavur
586,31,Tamil Nadu,569,Theni
587,31,Tamil Nadu,554,Thoothukudi (Tuticorin)
588,31,Tamil Nadu,560,Tiruchirappalli
589,31,Tamil Nadu,548,Tirunelveli
590,31,Tamil Nadu,550,Tirupattur
591,31,Tamil Nadu,568,Tiruppur
592,31,Tamil Nadu,572,Tiruvallur
593,31,Tamil Nadu,553,Tiruvannamalai
594,31,Tamil Nadu,574,Tiruvarur
595,31,Tamil Nadu,543,Vellore
596,31,Tamil Nadu,542,Viluppuram
597,31,Tamil Nadu,549,Virudhunagar
598,32,Telangana,582,Adilabad
599,32,Telangana,583,Bhadradri Kothagudem
600,32,Telangana,581,Hyderabad
601,32,Telangana,584,Jagtial
602,32,Telangana,585,Jangaon
603,32,Telangana,586,Jayashankar Bhupalpally
604,32,Telangana,587,Jogulamba Gadwal
605,32,Telangana,588,Kamareddy
606,32,Telangana,589,Karimnagar
607,32,Telangana,590,Khammam
608,32,Telangana,591,Kumuram Bheem
609,32,Telangana,592,Mahabubabad
610,32,Telangana,593,Mahabubnagar
611,32,Telangana,594,Mancherial
612,32,Telangana,595,Medak
613,32,Telangana,596,Medchal
614,32,Telangana,612,Mulugu
615,32,Telangana,597,Nagarkurnool
616,32,Telangana,598,Nalgonda
617,32,Telangana,613,Narayanpet
618,32,Telangana,599,Nirmal
619,32,Telangana,600,Nizamabad
620,32,Telangana,601,Peddapalli
621,32,Telangana,602,Rajanna Sircilla
622,32,Telangana,603,Rangareddy
623,32,Telangana,604,Sangareddy
624,32,Telangana,605,Siddipet
625,32,Telangana,606,Suryapet
626,32,Telangana,607,Vikarabad
627,32,Telangana,608,Wanaparthy
628,32,Telangana,609,Warangal(Rural)
629,32,Telangana,610,Warangal(Urban)
630,32,Telangana,611,Yadadri Bhuvanagiri
631,33,Tripura,614,Dhalai
632,33,Tripura,615,Gomati
633,33,Tripura,616,Khowai
634,33,Tripura,617,North Tripura
635,33,Tripura,618,Sepahijala
636,33,Tripura,619,South Tripura
637,33,Tripura,620,Unakoti
638,33,Tripura,621,West Tripura
639,34,Uttar Pradesh,622,Agra
640,34,Uttar Pradesh,623,Aligarh
641,34,Uttar Pradesh,625,Ambedkar Nagar
642,34,Uttar Pradesh,626,Amethi
643,34,Uttar Pradesh,627,Amroha
644,34,Uttar Pradesh,628,Auraiya
645,34,Uttar Pradesh,646,Ayodhya
646,34,Uttar Pradesh,629,Azamgarh
647,34,Uttar Pradesh,630,Badaun
648,34,Uttar Pradesh,631,Baghpat
649,34,Uttar Pradesh,632,Bahraich
650,34,Uttar Pradesh,633,Balarampur
651,34,Uttar Pradesh,634,Ballia
652,34,Uttar Pradesh,635,Banda
653,34,Uttar Pradesh,636,Barabanki
654,34,Uttar Pradesh,637,Bareilly
655,34,Uttar Pradesh,638,Basti
656,34,Uttar Pradesh,687,Bhadohi
657,34,Uttar Pradesh,639,Bijnour
658,34,Uttar Pradesh,640,Bulandshahr
659,34,Uttar Pradesh,641,Chandauli
660,34,Uttar Pradesh,642,Chitrakoot
661,34,Uttar Pradesh,643,Deoria
662,34,Uttar Pradesh,644,Etah
663,34,Uttar Pradesh,645,Etawah
664,34,Uttar Pradesh,647,Farrukhabad
665,34,Uttar Pradesh,648,Fatehpur
666,34,Uttar Pradesh,649,Firozabad
667,34,Uttar Pradesh,650,Gautam Buddha Nagar
668,34,Uttar Pradesh,651,Ghaziabad
669,34,Uttar Pradesh,652,Ghazipur
670,34,Uttar Pradesh,653,Gonda
671,34,Uttar Pradesh,654,Gorakhpur
672,34,Uttar Pradesh,655,Hamirpur
673,34,Uttar Pradesh,656,Hapur
674,34,Uttar Pradesh,657,Hardoi
675,34,Uttar Pradesh,658,Hathras
676,34,Uttar Pradesh,659,Jalaun
677,34,Uttar Pradesh,660,Jaunpur
678,34,Uttar Pradesh,661,Jhansi
679,34,Uttar Pradesh,662,Kannauj
680,34,Uttar Pradesh,663,Kanpur Dehat
681,34,Uttar Pradesh,664,Kanpur Nagar
682,34,Uttar Pradesh,665,Kasganj
683,34,Uttar Pradesh,666,Kaushambi
684,34,Uttar Pradesh,667,Kushinagar
685,34,Uttar Pradesh,668,Lakhimpur Kheri
686,34,Uttar Pradesh,669,Lalitpur
687,34,Uttar Pradesh,670,Lucknow
688,34,Uttar Pradesh,671,Maharajganj
689,34,Uttar Pradesh,672,Mahoba
690,34,Uttar Pradesh,673,Mainpuri
691,34,Uttar Pradesh,674,Mathura
692,34,Uttar Pradesh,675,Mau
693,34,Uttar Pradesh,676,Meerut
694,34,Uttar Pradesh,677,Mirzapur
695,34,Uttar Pradesh,678,Moradabad
696,34,Uttar Pradesh,679,Muzaffarnagar
697,34,Uttar Pradesh,680,Pilibhit
698,34,Uttar Pradesh,682,Pratapgarh
699,34,Uttar Pradesh,624,Prayagraj
700,34,Uttar Pradesh,681,Raebareli
701,34,Uttar Pradesh,683,Rampur
702,34,Uttar Pradesh,684,Saharanpur
703,34,Uttar Pradesh,685,Sambhal
704,34,Uttar Pradesh,686,Sant Kabir Nagar
705,34,Uttar Pradesh,688,Shahjahanpur
706,34,Uttar Pradesh,689,Shamli
707,34,Uttar Pradesh,690,Shravasti
708,34,Uttar Pradesh,691,Siddharthnagar
709,34,Uttar Pradesh,692,Sitapur
710,34,Uttar Pradesh,693,Sonbhadra
711,34,Uttar Pradesh,694,Sultanpur
712,34,Uttar Pradesh,695,Unnao
713,34,Uttar Pradesh,696,Varanasi
714,35,Uttarakhand,704,Almora
715,35,Uttarakhand,707,Bageshwar
716,35,Uttarakhand,699,Chamoli
717,35,Uttarakhand,708,Champawat
718,35,Uttarakhand,697,Dehradun
719,35,Uttarakhand,702,Haridwar
720,35,Uttarakhand,709,Nainital
721,35,Uttarakhand,698,Pauri Garhwal
722,35,Uttarakhand,706,Pithoragarh
723,35,Uttarakhand,700,Rudraprayag
724,35,Uttarakhand,701,Tehri Garhwal
725,35,Uttarakhand,705,Udham Singh Nagar
726,35,Uttarakhand,703,Uttarkashi
727,36,West Bengal,710,Alipurduar District
728,36,West Bengal,711,Bankura
729,36,West Bengal,712,Basirhat HD (North 24 Parganas)
730,36,West Bengal,713,Birbhum
731,36,West Bengal,714,Bishnupur HD (Bankura)
732,36,West Bengal,715,Cooch Behar
733,36,West Bengal,783,COOCHBEHAR
734,36,West Bengal,716,Dakshin Dinajpur
735,36,West Bengal,717,Darjeeling
736,36,West Bengal,718,Diamond Harbor HD (S 24 Parganas)
737,36,West Bengal,719,East Bardhaman
738,36,West Bengal,720,Hoogly
739,36,West Bengal,721,Howrah
740,36,West Bengal,722,Jalpaiguri
741,36,West Bengal,723,Jhargram
742,36,West Bengal,724,Kalimpong
743,36,West Bengal,725,Kolkata
744,36,West Bengal,726,Malda
745,36,West Bengal,727,Murshidabad
746,36,West Bengal,728,Nadia
747,36,West Bengal,729,Nandigram HD (East Medinipore)
748,36,West Bengal,730,North 24 Parganas
749,36,West Bengal,731,Paschim Medinipore
750,36,West Bengal,732,Purba Medinipore
751,36,West Bengal,733,Purulia
752,36,West Bengal,734,Rampurhat HD (Birbhum)
753,36,West Bengal,735,South 24 Parganas
754,36,West Bengal,736,Uttar Dinajpur
755,36,West Bengal,737,West Bardhaman